{
  "backend": "cfar",
  "detection_probability": 0.95004,
  "false_track_count": 0.0,
  "id_switches": 0.0,
  "mean_frame_latency_ms": 0.001384728081175126,
  "range_rmse_m": 0.19929201043009753,
  "scenario": "head_on",
  "track_continuity": 0.95004,
  "trials": 1000,
  "velocity_rmse_mps": 0.09949817895019816
}
