{
  "backend": "iscir",
  "detection_probability": 0.9889,
  "false_track_count": 26.183,
  "id_switches": 3.645,
  "mean_frame_latency_ms": 0.17811905161299366,
  "range_rmse_m": 0.07778871252223463,
  "scenario": "crossing",
  "track_continuity": 0.9889,
  "trials": 1000,
  "velocity_rmse_mps": 0.06293590075260055
}
