{
  "backend": "kalman",
  "detection_probability": 0.98899,
  "false_track_count": 13.864,
  "id_switches": 1.828,
  "mean_frame_latency_ms": 0.05363130144312891,
  "range_rmse_m": 0.07698683719834824,
  "scenario": "head_on",
  "track_continuity": 0.98899,
  "trials": 1000,
  "velocity_rmse_mps": 0.06260665651848317
}
